{"lr": 5e-10, "data_time": 0.01526641845703125, "loss": 1.4777953624725342, "time": 2.5270044803619385, "iter": 1, "memory": 38487, "step": 1}
{"lr": 4.0909181818181825e-05, "data_time": 1.8180216550827026, "loss": 1.431760597229004, "time": 4.320740485191346, "iter": 10, "memory": 38919, "step": 10}
{"lr": 4.99598554935657e-05, "data_time": 2.0171041250228883, "loss": 1.314486825466156, "time": 4.5212606430053714, "iter": 20, "memory": 38919, "step": 20}
{"lr": 4.976353964522511e-05, "data_time": 2.0191487789154055, "loss": 1.2171871423721314, "time": 4.5324113130569454, "iter": 30, "memory": 38919, "step": 30}
{"lr": 4.940496369848797e-05, "data_time": 2.016943120956421, "loss": 1.1185902595520019, "time": 4.5390255689620975, "iter": 40, "memory": 38919, "step": 40}
{"lr": 4.888647717887584e-05, "data_time": 2.0169706106185914, "loss": 1.0740952372550965, "time": 4.53790500164032, "iter": 50, "memory": 38919, "step": 50}
{"lr": 4.821147740659797e-05, "data_time": 2.0169907569885255, "loss": 0.9897996783256531, "time": 4.536457443237305, "iter": 60, "memory": 38919, "step": 60}
{"lr": 4.738438723602159e-05, "data_time": 2.016920328140259, "loss": 0.8937283813953399, "time": 4.536296224594116, "iter": 70, "memory": 38919, "step": 70}
{"lr": 4.64106260754535e-05, "data_time": 2.016951084136963, "loss": 0.7936084926128387, "time": 4.537389206886291, "iter": 80, "memory": 38919, "step": 80}
{"lr": 4.529657437712279e-05, "data_time": 2.0168817758560182, "loss": 0.7212222874164581, "time": 4.535524129867554, "iter": 90, "memory": 38919, "step": 90}
{"lr": 4.404953183003917e-05, "data_time": 2.016855549812317, "loss": 0.6202274292707444, "time": 4.53480896949768, "iter": 100, "memory": 38919, "step": 100}
{"lr": 4.2677669529663696e-05, "data_time": 2.0170647859573365, "loss": 0.5028402656316757, "time": 4.537943339347839, "iter": 110, "memory": 38919, "step": 110}
{"lr": 4.118997643779401e-05, "data_time": 2.017102074623108, "loss": 0.4227433353662491, "time": 4.534364414215088, "iter": 120, "memory": 38919, "step": 120}
{"lr": 3.9596200483479385e-05, "data_time": 2.0169617891311646, "loss": 0.3233960300683975, "time": 4.53229022026062, "iter": 130, "memory": 38919, "step": 130}
{"lr": 3.790678469089465e-05, "data_time": 2.0170684099197387, "loss": 0.265557599067688, "time": 4.5384681701660154, "iter": 140, "memory": 38919, "step": 140}
{"lr": 3.61327987526873e-05, "data_time": 2.016938853263855, "loss": 0.16463801711797715, "time": 4.5401071310043335, "iter": 150, "memory": 38919, "step": 150}
{"lr": 3.428586649715541e-05, "data_time": 2.0171493530273437, "loss": 0.11424026936292649, "time": 4.536744570732116, "iter": 160, "memory": 38919, "step": 160}
{"lr": 3.237808972451846e-05, "data_time": 2.017807626724243, "loss": 0.07085088044404983, "time": 4.533568572998047, "iter": 170, "memory": 38919, "step": 170}
{"lr": 3.04219689113352e-05, "data_time": 2.016902947425842, "loss": 0.04112238883972168, "time": 4.537484192848206, "iter": 180, "memory": 38919, "step": 180}
{"lr": 2.8430321302642892e-05, "data_time": 2.016976475715637, "loss": 0.02367754653096199, "time": 4.536542057991028, "iter": 190, "memory": 38919, "step": 190}
{"lr": 2.641619692850941e-05, "data_time": 2.0169368267059324, "loss": 0.012989783845841884, "time": 4.532242727279663, "iter": 200, "memory": 38919, "step": 200}
{"lr": 2.439279309528968e-05, "data_time": 25.36955533027649, "loss": 0.007179707614704966, "time": 27.870604372024538, "iter": 210, "memory": 38919, "step": 210}
{"lr": 2.2373367911871908e-05, "data_time": 2.0169028520584105, "loss": 0.004625594825483859, "time": 4.531549453735352, "iter": 220, "memory": 38919, "step": 220}
{"lr": 2.0371153417522713e-05, "data_time": 2.016855025291443, "loss": 0.002964635542593896, "time": 4.53804919719696, "iter": 230, "memory": 38919, "step": 230}
{"lr": 1.8399268880550188e-05, "data_time": 2.016706109046936, "loss": 0.002280342287849635, "time": 4.542990350723267, "iter": 240, "memory": 38919, "step": 240}
{"lr": 1.647063483588511e-05, "data_time": 2.016968560218811, "loss": 0.001846851105801761, "time": 4.543244647979736, "iter": 250, "memory": 38919, "step": 250}
{"lr": 1.4597888424838528e-05, "data_time": 2.016856813430786, "loss": 0.001439405488781631, "time": 4.538075280189514, "iter": 260, "memory": 38919, "step": 260}
{"lr": 1.2793300591761749e-05, "data_time": 2.0170537710189818, "loss": 0.0011631196131929756, "time": 4.537132501602173, "iter": 270, "memory": 38919, "step": 270}
{"lr": 1.106869568016767e-05, "data_time": 2.016948175430298, "loss": 0.001046688825590536, "time": 4.53936505317688, "iter": 280, "memory": 38919, "step": 280}
{"lr": 9.435373955150036e-06, "data_time": 2.016716647148132, "loss": 0.0009526879817713052, "time": 4.537584638595581, "iter": 290, "memory": 38919, "step": 290}
{"lr": 7.904037559763165e-06, "data_time": 2.0169513702392576, "loss": 0.0008688493224326521, "time": 4.536167788505554, "iter": 300, "memory": 38919, "step": 300}
{"lr": 6.48472039052401e-06, "data_time": 2.017040514945984, "loss": 0.0008213312306907028, "time": 4.534175324440002, "iter": 310, "memory": 38919, "step": 310}
{"lr": 5.186722351518825e-06, "data_time": 2.0168305397033692, "loss": 0.0007975547749083489, "time": 4.540618109703064, "iter": 320, "memory": 38919, "step": 320}
{"lr": 4.018548417906443e-06, "data_time": 2.016960954666138, "loss": 0.0007510103518143296, "time": 4.532875967025757, "iter": 330, "memory": 38919, "step": 330}
{"lr": 2.9878529080972306e-06, "data_time": 2.0170016288757324, "loss": 0.0007567825843580068, "time": 4.532255411148071, "iter": 340, "memory": 38919, "step": 340}
{"lr": 2.101389329757481e-06, "data_time": 2.016936111450195, "loss": 0.0007069500163197518, "time": 4.538834023475647, "iter": 350, "memory": 38919, "step": 350}
{"lr": 1.364966128267248e-06, "data_time": 2.016958475112915, "loss": 0.0007052373723126948, "time": 4.543819236755371, "iter": 360, "memory": 38919, "step": 360}
{"lr": 7.83408627584559e-07, "data_time": 2.016857886314392, "loss": 0.0007430936093442142, "time": 4.527279329299927, "iter": 370, "memory": 38919, "step": 370}
{"lr": 3.605274128937437e-07, "data_time": 2.0169036626815795, "loss": 0.0007172917830757797, "time": 4.532602477073669, "iter": 380, "memory": 38919, "step": 380}
{"lr": 9.909336220695622e-08, "data_time": 2.016831302642822, "loss": 0.0007111774117220193, "time": 4.541663074493409, "iter": 390, "memory": 38919, "step": 390}
{"lr": 8.194905210923143e-10, "data_time": 2.0167973279953, "loss": 0.0007056375266984105, "time": 4.5391878366470335, "iter": 400, "memory": 38919, "step": 400}
