{"lr": 5e-10, "data_time": 0.015801191329956055, "loss": 1.4375, "time": 3.41918683052063, "iter": 1, "memory": 28142, "step": 1}
{"lr": 4.0909181818181825e-05, "data_time": 1.8171477556228637, "loss": 1.43046875, "time": 5.240462684631348, "iter": 10, "memory": 29497, "step": 10}
{"lr": 4.99598554935657e-05, "data_time": 2.0168746948242187, "loss": 1.340625, "time": 5.4540869951248165, "iter": 20, "memory": 29497, "step": 20}
{"lr": 4.976353964522511e-05, "data_time": 2.0167991399765013, "loss": 1.26328125, "time": 5.4610450029373165, "iter": 30, "memory": 29497, "step": 30}
{"lr": 4.940496369848797e-05, "data_time": 2.0166537761688232, "loss": 1.20078125, "time": 5.459727644920349, "iter": 40, "memory": 29497, "step": 40}
{"lr": 4.888647717887584e-05, "data_time": 2.0166621685028074, "loss": 1.1421875, "time": 5.456298589706421, "iter": 50, "memory": 29497, "step": 50}
{"lr": 4.821147740659797e-05, "data_time": 2.0166218757629393, "loss": 1.10390625, "time": 5.454982018470764, "iter": 60, "memory": 29497, "step": 60}
{"lr": 4.738438723602159e-05, "data_time": 2.0166531085968016, "loss": 1.05625, "time": 5.454089236259461, "iter": 70, "memory": 29497, "step": 70}
{"lr": 4.64106260754535e-05, "data_time": 2.0166829586029054, "loss": 0.993359375, "time": 5.460412716865539, "iter": 80, "memory": 29497, "step": 80}
{"lr": 4.529657437712279e-05, "data_time": 2.0166603565216064, "loss": 0.94375, "time": 5.460962104797363, "iter": 90, "memory": 29497, "step": 90}
{"lr": 4.404953183003917e-05, "data_time": 2.0166744947433473, "loss": 0.883984375, "time": 5.460430407524109, "iter": 100, "memory": 29497, "step": 100}
{"lr": 4.2677669529663696e-05, "data_time": 2.016736888885498, "loss": 0.822265625, "time": 5.459236693382263, "iter": 110, "memory": 29497, "step": 110}
{"lr": 4.118997643779401e-05, "data_time": 2.0167185068130493, "loss": 0.734375, "time": 5.458580470085144, "iter": 120, "memory": 29497, "step": 120}
{"lr": 3.9596200483479385e-05, "data_time": 2.0166757583618162, "loss": 0.652734375, "time": 5.460578441619873, "iter": 130, "memory": 29497, "step": 130}
{"lr": 3.790678469089465e-05, "data_time": 2.016694164276123, "loss": 0.58359375, "time": 5.460322833061218, "iter": 140, "memory": 29497, "step": 140}
{"lr": 3.61327987526873e-05, "data_time": 2.0166484355926513, "loss": 0.508984375, "time": 5.457089066505432, "iter": 150, "memory": 29497, "step": 150}
{"lr": 3.428586649715541e-05, "data_time": 2.016726541519165, "loss": 0.4544921875, "time": 5.453952813148499, "iter": 160, "memory": 29497, "step": 160}
{"lr": 3.237808972451846e-05, "data_time": 2.0166515111923218, "loss": 0.3720703125, "time": 5.458875465393066, "iter": 170, "memory": 29497, "step": 170}
{"lr": 3.04219689113352e-05, "data_time": 2.016621470451355, "loss": 0.29609375, "time": 5.4565223217010494, "iter": 180, "memory": 29497, "step": 180}
{"lr": 2.8430321302642892e-05, "data_time": 2.0167880058288574, "loss": 0.23525390625, "time": 5.45857515335083, "iter": 190, "memory": 29497, "step": 190}
{"lr": 2.641619692850941e-05, "data_time": 2.0166329622268675, "loss": 0.17861328125, "time": 5.460736083984375, "iter": 200, "memory": 29497, "step": 200}
{"lr": 2.439279309528968e-05, "data_time": 32.04448552131653, "loss": 0.14296875, "time": 35.47241005897522, "iter": 210, "memory": 29497, "step": 210}
{"lr": 2.2373367911871908e-05, "data_time": 2.0166352510452272, "loss": 0.100439453125, "time": 5.460508561134338, "iter": 220, "memory": 29497, "step": 220}
{"lr": 2.0371153417522713e-05, "data_time": 2.0165961027145385, "loss": 0.078173828125, "time": 5.461221837997437, "iter": 230, "memory": 29497, "step": 230}
{"lr": 1.8399268880550188e-05, "data_time": 2.0166424751281737, "loss": 0.0608154296875, "time": 5.458768320083618, "iter": 240, "memory": 29497, "step": 240}
{"lr": 1.647063483588511e-05, "data_time": 2.016527700424194, "loss": 0.04677734375, "time": 5.454892826080322, "iter": 250, "memory": 29497, "step": 250}
{"lr": 1.4597888424838528e-05, "data_time": 2.016695499420166, "loss": 0.03634033203125, "time": 5.457773447036743, "iter": 260, "memory": 29497, "step": 260}
{"lr": 1.2793300591761749e-05, "data_time": 2.0165762901306152, "loss": 0.02740478515625, "time": 5.458548545837402, "iter": 270, "memory": 29497, "step": 270}
{"lr": 1.106869568016767e-05, "data_time": 2.0166906356811523, "loss": 0.02357177734375, "time": 5.457267618179321, "iter": 280, "memory": 29497, "step": 280}
{"lr": 9.435373955150036e-06, "data_time": 2.016575503349304, "loss": 0.018731689453125, "time": 5.455980539321899, "iter": 290, "memory": 29497, "step": 290}
{"lr": 7.904037559763165e-06, "data_time": 2.016680359840393, "loss": 0.01903076171875, "time": 5.45144784450531, "iter": 300, "memory": 29497, "step": 300}
{"lr": 6.48472039052401e-06, "data_time": 2.0166419982910155, "loss": 0.016241455078125, "time": 5.455504393577575, "iter": 310, "memory": 29497, "step": 310}
{"lr": 5.186722351518825e-06, "data_time": 2.0166887283325194, "loss": 0.0151123046875, "time": 5.452912735939026, "iter": 320, "memory": 29497, "step": 320}
{"lr": 4.018548417906443e-06, "data_time": 2.0166720390319823, "loss": 0.0130859375, "time": 5.454662656784057, "iter": 330, "memory": 29497, "step": 330}
{"lr": 2.9878529080972306e-06, "data_time": 2.0166183710098267, "loss": 0.01309814453125, "time": 5.452535510063171, "iter": 340, "memory": 29497, "step": 340}
{"lr": 2.101389329757481e-06, "data_time": 2.0167436838150024, "loss": 0.012176513671875, "time": 5.452395415306091, "iter": 350, "memory": 29497, "step": 350}
{"lr": 1.364966128267248e-06, "data_time": 2.0166918516159056, "loss": 0.012091064453125, "time": 5.449525499343872, "iter": 360, "memory": 29497, "step": 360}
{"lr": 7.83408627584559e-07, "data_time": 2.0166561603546143, "loss": 0.0123779296875, "time": 5.450858044624328, "iter": 370, "memory": 29497, "step": 370}
{"lr": 3.605274128937437e-07, "data_time": 2.0166603088378907, "loss": 0.011505126953125, "time": 5.452343535423279, "iter": 380, "memory": 29497, "step": 380}
{"lr": 9.909336220695622e-08, "data_time": 2.016756534576416, "loss": 0.01148681640625, "time": 5.453539133071899, "iter": 390, "memory": 29497, "step": 390}
{"lr": 8.194905210923143e-10, "data_time": 2.0166136026382446, "loss": 0.012176513671875, "time": 5.452387022972107, "iter": 400, "memory": 29497, "step": 400}
