{"lr": 5e-10, "data_time": 0.015026569366455078, "loss": 1.484989881515503, "time": 3.1196422576904297, "iter": 1, "memory": 43816, "step": 1}
{"lr": 4.0909181818181825e-05, "data_time": 1.8169518947601317, "loss": 1.4358068466186524, "time": 4.359832978248596, "iter": 10, "memory": 44229, "step": 10}
{"lr": 4.99598554935657e-05, "data_time": 2.016997766494751, "loss": 1.3392783999443054, "time": 4.50109965801239, "iter": 20, "memory": 44229, "step": 20}
{"lr": 4.976353964522511e-05, "data_time": 2.0169572114944456, "loss": 1.2394477486610413, "time": 4.504256701469421, "iter": 30, "memory": 44229, "step": 30}
{"lr": 4.940496369848797e-05, "data_time": 2.0168256521224976, "loss": 1.1719671726226806, "time": 4.509291052818298, "iter": 40, "memory": 44229, "step": 40}
{"lr": 4.888647717887584e-05, "data_time": 2.016839075088501, "loss": 1.0735449194908142, "time": 4.503242874145508, "iter": 50, "memory": 44229, "step": 50}
{"lr": 4.821147740659797e-05, "data_time": 2.0168906927108763, "loss": 1.001254254579544, "time": 4.497727370262146, "iter": 60, "memory": 44229, "step": 60}
{"lr": 4.738438723602159e-05, "data_time": 2.0167727708816527, "loss": 0.8960927546024322, "time": 4.499406838417054, "iter": 70, "memory": 44229, "step": 70}
{"lr": 4.64106260754535e-05, "data_time": 2.016814923286438, "loss": 0.794902765750885, "time": 4.502776789665222, "iter": 80, "memory": 44229, "step": 80}
{"lr": 4.529657437712279e-05, "data_time": 2.016762399673462, "loss": 0.678795051574707, "time": 4.506794261932373, "iter": 90, "memory": 44229, "step": 90}
{"lr": 4.404953183003917e-05, "data_time": 2.0168930292129517, "loss": 0.5529076546430588, "time": 4.502080416679382, "iter": 100, "memory": 44229, "step": 100}
{"lr": 4.2677669529663696e-05, "data_time": 2.0167489051818848, "loss": 0.44326927363872526, "time": 4.498857927322388, "iter": 110, "memory": 44229, "step": 110}
{"lr": 4.118997643779401e-05, "data_time": 2.016785144805908, "loss": 0.33469766974449155, "time": 4.504950857162475, "iter": 120, "memory": 44229, "step": 120}
{"lr": 3.9596200483479385e-05, "data_time": 2.0169017553329467, "loss": 0.23777859061956405, "time": 4.501526832580566, "iter": 130, "memory": 44229, "step": 130}
{"lr": 3.790678469089465e-05, "data_time": 2.016807699203491, "loss": 0.14890847653150557, "time": 4.504267573356628, "iter": 140, "memory": 44229, "step": 140}
{"lr": 3.61327987526873e-05, "data_time": 2.016874885559082, "loss": 0.08396667055785656, "time": 4.50467095375061, "iter": 150, "memory": 44229, "step": 150}
{"lr": 3.428586649715541e-05, "data_time": 2.016720771789551, "loss": 0.04349600076675415, "time": 4.504023623466492, "iter": 160, "memory": 44229, "step": 160}
{"lr": 3.237808972451846e-05, "data_time": 2.0166933298110963, "loss": 0.022020488698035478, "time": 4.504655957221985, "iter": 170, "memory": 44229, "step": 170}
{"lr": 3.04219689113352e-05, "data_time": 2.016786789894104, "loss": 0.0128684445284307, "time": 4.502995753288269, "iter": 180, "memory": 44229, "step": 180}
{"lr": 2.8430321302642892e-05, "data_time": 2.016523838043213, "loss": 0.007122655073180795, "time": 4.5013099908828735, "iter": 190, "memory": 44229, "step": 190}
{"lr": 2.641619692850941e-05, "data_time": 2.0168625116348267, "loss": 0.0050650414545089, "time": 4.501971101760864, "iter": 200, "memory": 44229, "step": 200}
{"lr": 2.439279309528968e-05, "data_time": 32.54367401599884, "loss": 0.003360933600924909, "time": 35.021210646629335, "iter": 210, "memory": 44229, "step": 210}
{"lr": 2.2373367911871908e-05, "data_time": 2.016827917098999, "loss": 0.002712688269093633, "time": 4.513531184196472, "iter": 220, "memory": 44229, "step": 220}
{"lr": 2.0371153417522713e-05, "data_time": 2.0168478012084963, "loss": 0.0021161948912777006, "time": 4.495461010932923, "iter": 230, "memory": 44229, "step": 230}
{"lr": 1.8399268880550188e-05, "data_time": 2.016930413246155, "loss": 0.0018371111946180463, "time": 4.492613029479981, "iter": 240, "memory": 44229, "step": 240}
{"lr": 1.647063483588511e-05, "data_time": 2.016833519935608, "loss": 0.001591965986881405, "time": 4.49570620059967, "iter": 250, "memory": 44229, "step": 250}
{"lr": 1.4597888424838528e-05, "data_time": 2.016714000701904, "loss": 0.0014218949479982256, "time": 4.50022144317627, "iter": 260, "memory": 44229, "step": 260}
{"lr": 1.2793300591761749e-05, "data_time": 2.0168756008148194, "loss": 0.0013041357044130564, "time": 4.500272512435913, "iter": 270, "memory": 44229, "step": 270}
{"lr": 1.106869568016767e-05, "data_time": 2.016788148880005, "loss": 0.001177555392496288, "time": 4.499173712730408, "iter": 280, "memory": 44229, "step": 280}
{"lr": 9.435373955150036e-06, "data_time": 2.01675226688385, "loss": 0.0011122957454062997, "time": 4.495572638511658, "iter": 290, "memory": 44229, "step": 290}
{"lr": 7.904037559763165e-06, "data_time": 2.0169416666030884, "loss": 0.001111527590546757, "time": 4.5006080865859985, "iter": 300, "memory": 44229, "step": 300}
{"lr": 6.48472039052401e-06, "data_time": 2.016740655899048, "loss": 0.0010627915733493864, "time": 4.501620721817017, "iter": 310, "memory": 44229, "step": 310}
{"lr": 5.186722351518825e-06, "data_time": 2.0168357849121095, "loss": 0.0010308297292795031, "time": 4.5090038776397705, "iter": 320, "memory": 44229, "step": 320}
{"lr": 4.018548417906443e-06, "data_time": 2.016856384277344, "loss": 0.001012604619609192, "time": 4.508592653274536, "iter": 330, "memory": 44229, "step": 330}
{"lr": 2.9878529080972306e-06, "data_time": 2.016739535331726, "loss": 0.0009821871295571326, "time": 4.501414656639099, "iter": 340, "memory": 44229, "step": 340}
{"lr": 2.101389329757481e-06, "data_time": 2.0168757915496824, "loss": 0.0009787159622646868, "time": 4.498526167869568, "iter": 350, "memory": 44229, "step": 350}
{"lr": 1.364966128267248e-06, "data_time": 2.016892981529236, "loss": 0.0009795275807846337, "time": 4.502959299087524, "iter": 360, "memory": 44229, "step": 360}
{"lr": 7.83408627584559e-07, "data_time": 2.0168165445327757, "loss": 0.0009876230848021804, "time": 4.5029582500457765, "iter": 370, "memory": 44229, "step": 370}
{"lr": 3.605274128937437e-07, "data_time": 2.016983461380005, "loss": 0.0009694881911855191, "time": 4.504947471618652, "iter": 380, "memory": 44229, "step": 380}
{"lr": 9.909336220695622e-08, "data_time": 2.016800284385681, "loss": 0.0009696520515717566, "time": 4.4993552446365355, "iter": 390, "memory": 44229, "step": 390}
{"lr": 8.194905210923143e-10, "data_time": 2.016956424713135, "loss": 0.000944277923554182, "time": 4.495274567604065, "iter": 400, "memory": 44229, "step": 400}
